{"cameraMode":{"drawMode":0,"name":"Shaded","section":"Shading Mode"},"sceneLighting":true,"audioPlay":false,"sceneViewState":{"showFog":true,"showMaterialUpdate":false,"showSkybox":true,"showFlares":true,"showImageEffects":true,"showParticleSystems":true},"in2DMode":false,"pivot":{"x":27.85849380493164,"y":-47.41343307495117,"z":-126.17726135253906},"rotation":{"x":0.033817071467638019,"y":0.9537357687950134,"z":-0.2750913202762604,"w":0.11737383902072907},"size":132.63841247558595,"orthographic":false}