{"cameraMode":{"drawMode":0,"name":"Shaded","section":"Shading Mode"},"sceneLighting":false,"audioPlay":false,"sceneViewState":{"showFog":true,"showMaterialUpdate":false,"showSkybox":false,"showFlares":true,"showImageEffects":true,"showParticleSystems":true},"in2DMode":false,"pivot":{"x":-3.437623977661133,"y":9.329941749572754,"z":-0.07528507709503174},"rotation":{"x":-0.24956436455249787,"y":0.025869786739349366,"z":-0.006695555988699198,"w":-0.9680426120758057},"size":23.197036743164064,"orthographic":false}