{"cameraMode":{"drawMode":0,"name":"Shaded","section":"Shading Mode"},"sceneLighting":false,"audioPlay":false,"sceneViewState":{"showFog":true,"showMaterialUpdate":false,"showSkybox":false,"showFlares":true,"showImageEffects":true,"showParticleSystems":true},"in2DMode":false,"pivot":{"x":3.4512810707092287,"y":3.9352645874023439,"z":8.014080047607422},"rotation":{"x":-0.24956436455249787,"y":0.025869786739349366,"z":-0.006695555988699198,"w":-0.9680426120758057},"size":21.490413665771486,"orthographic":false}